# Host: localhost  (Version 5.7.30)
# Date: 2020-08-10 11:49:32
# Generator: SQLyog Ultimate v12.09 (64 bit)


# ------------------------------------------------------------------------

# `edu_teacher` 表结构

CREATE TABLE `edu_teacher` (
  `id` char(19) NOT NULL COMMENT '讲师ID',
  `name` varchar(20) NOT NULL COMMENT '讲师姓名',
  `intro` varchar(500) NOT NULL DEFAULT '' COMMENT '讲师简介',
  `career` varchar(500) DEFAULT NULL COMMENT '讲师资历,一句话说明讲师',
  `level` int(10) unsigned NOT NULL COMMENT '头衔 1高级讲师 2首席讲师',
  `avatar` varchar(255) DEFAULT NULL COMMENT '讲师头像',
  `sort` int(10) unsigned NOT NULL DEFAULT '0' COMMENT '排序',
  `is_deleted` tinyint(1) unsigned NOT NULL DEFAULT '0' COMMENT '逻辑删除 1（true）已删除， 0（false）未删除',
  `gmt_create` datetime NOT NULL COMMENT '创建时间',
  `gmt_modified` datetime NOT NULL COMMENT '更新时间',
  PRIMARY KEY (`id`),
  UNIQUE KEY `uk_name` (`name`)
) ENGINE=InnoDB DEFAULT CHARSET=utf8mb4 COMMENT='讲师';

# `edu_teacher` 表数据

insert into `edu_teacher` 
  (`id`, `name`, `intro`, `career`, `level`, `avatar`, `sort`, `is_deleted`, `gmt_create`, `gmt_modified`) 
values
  ('1294900667357392897','刘晨','北京师范大学法学院副教授、清华大学法学博士。自2004年至今已有9年的司法考试培训经验。长期从事司法考试辅导，深知命题规律，了解解题技巧。内容把握准确，授课重点明确，层次分明，调理清晰，将法条法理与案例有机融合，强调综合，深入浅出。','北京师范大学法学院副教授','1','https://edushop-files.oss-cn-shenzhen.aliyuncs.com/2020/08/16/884fd2609259493682e4c8aa76cf16e4file.png','1','0','2019-10-30 11:53:03','2019-10-30 11:53:03'),
  ('1294901845017292802','吕娜','十年课程研发和培训咨询经验，曾任国企人力资源经理、大型外企培训经理，负责企业大学和培训体系搭建；曾任专业培训机构高级顾问、研发部总监，为包括广东移动、东莞移动、深圳移动、南方电网、工商银行、农业银行、民生银行、邮储银行、TCL集团、清华大学继续教育学院、中天路桥、广西扬翔股份等超过200家企业提供过培训与咨询服务，并担任近50个大型项目的总负责人。','资深课程设计专家，专注10年AACTP美国培训协会认证导师','1','https://edushop-files.oss-cn-shenzhen.aliyuncs.com/2020/08/16/24a41e408deb41c48b759d7445ecd120file.png','2','0','2019-10-30 11:55:19','2019-11-12 13:37:52'),
  ('1294903399963226114','刘晓华','上海师范大学法学院副教授、清华大学法学博士。自2004年至今已有9年的司法考试培训经验。长期从事司法考试辅导，深知命题规律，了解解题技巧。内容把握准确，授课重点明确，层次分明，调理清晰，将法条法理与案例有机融合，强调综合，深入浅出。','上海师范大学法学院副教授','2','https://edushop-files.oss-cn-shenzhen.aliyuncs.com/2020/08/16/e558edf691bb4322982f9d79a43edbcffile.png','3','0','2019-10-30 14:18:56','2019-11-12 13:37:35'),
  ('1294903554821124097','李廷发','法学博士，北京师范大学马克思主义学院副教授，专攻毛泽东思想概论、邓小平理论，长期从事考研辅导。出版著作两部，发表学术论文30余篇，主持国家社会科学基金项目和教育部重大课题子课题各一项，参与中央实施马克思主义理论研究和建设工程项目。','考研政治辅导实战派专家，全国考研政治命题研究组核心成员','2','https://edushop-files.oss-cn-shenzhen.aliyuncs.com/2020/08/16/263657a6c06f4d5a999e4420d20367a5file.png','4','0','2019-10-30 14:19:02','2019-11-12 13:37:18'),
  ('1294903866990587906','钟语良','具备深厚的数学思维功底、丰富的小学教育经验，授课风格生动活泼，擅长用形象生动的比喻帮助理解、简单易懂的语言讲解难题，深受学生喜欢','毕业于师范大学数学系，热爱教育事业，执教数学思维6年有余。','1','https://edushop-files.oss-cn-shenzhen.aliyuncs.com/2020/08/16/44348ecaa44048ebbafcbe5d78559bb5file.png','5','0','2019-11-07 09:18:25','2019-11-12 13:37:01'),
  ('1294904683197952002','李嫣','中国科学院数学与系统科学研究院应用数学专业博士，研究方向为数字图像处理，中国工业与应用数学学会会员。参与全国教育科学“十五”规划重点课题“信息化进程中的教育技术发展研究”的子课题“基与课程改革的资源开发与应用”，以及全国“十五”科研规划全国重点项目“掌上型信息技术产品在教学中的运用和开发研究”的子课题“用技术学数学”。','中国人民大学附属中学数学一级教师','2','https://edushop-files.oss-cn-shenzhen.aliyuncs.com/2020/08/16/ca17b1a06cc04023a1ee4716f77a043dfile.png','6','0','2019-11-07 14:26:37','2019-11-11 16:26:26'),
  ('1294904869848674306','周文廷','北京大学法学院副教授。自2009年至今已有9年的司法考试培训经验。长期从事司法考试辅导，深知命题规律，了解解题技巧。内容把握准确，授课重点明确，层次分明，调理清晰，将法条法理与案例有机融合，强调综合，深入浅出。','毕业于北京大学数学系','2','https://edushop-files.oss-cn-shenzhen.aliyuncs.com/2020/08/16/d557e7a288fe4197805142e35fdd11b1file.png','7','0','2019-11-15 21:47:12','2019-11-15 21:47:27'),
  ('1294905155996676098','王霆峰','政治学博士、管理学博士后，北京师范大学马克思主义学院副教授。多年来总结出了一套行之有效的应试技巧与答题方法，针对性和实用性极强，能帮助考生在轻松中应考，在激励的竞争中取得高分，脱颖而出。','长期从事考研政治课讲授和考研命题趋势与应试对策研究，考研辅导新锐派的代表','1','https://edushop-files.oss-cn-shenzhen.aliyuncs.com/2020/08/16/25cfd66f03bc4a5eb552ad9f29f6ccadfile.png','8','0','2020-08-16 15:53:42','2020-08-16 15:53:42'),
  ('1297111687329026050','刘梦晓','中国科学院数学与系统科学研究院应用数学专业博士，研究方向为数字图像处理，中国工业与应用数学学会会员。参与全国教育科学“十五”规划重点课题“信息化进程中的教育技术发展研究”的子课题“基与课程改革的资源开发与应用”，以及全国“十五”科研规划全国重点项目“掌上型信息技术产品在教学中的运用和开发研究”的子课题“用技术学数学”。','浙江大学附属中学数学一级教师','1','https://edushop-files.oss-cn-shenzhen.aliyuncs.com/2020/08/22/6f5c15d2fbe64747adc99ab9735725d5file.png','9','0','2020-08-16 15:53:42','2020-08-16 15:53:42'),
  ('1297112152955490305','王雪儿','具备深厚的数学思维功底、丰富的小学教育经验，授课风格生动活泼，擅长用形象生动的比喻帮助理解、简单易懂的语言讲解难题，深受学生喜欢.','毕业于复旦大学数学系，热爱教育事业，执教数学思维8年有余。','2','https://edushop-files.oss-cn-shenzhen.aliyuncs.com/2020/08/22/1a7853acc20b4dc2a421b9ff255e8b30file.png','10','0','2020-08-16 15:53:42','2020-08-16 15:53:42');

# ------------------------------------------------------------------------

# `edu_subject` 表结构

CREATE TABLE `edu_subject` (
  `id` char(19) NOT NULL COMMENT '课程类别ID',
  `title` varchar(10) NOT NULL COMMENT '类别名称',
  `parent_id` char(19) NOT NULL DEFAULT '0' COMMENT '父ID',
  `sort` int(10) unsigned NOT NULL DEFAULT '0' COMMENT '排序字段',
  `gmt_create` datetime NOT NULL COMMENT '创建时间',
  `gmt_modified` datetime NOT NULL COMMENT '更新时间',
  PRIMARY KEY (`id`),
  KEY `idx_parent_id` (`parent_id`)
) ENGINE=InnoDB DEFAULT CHARSET=utf8mb4 ROW_FORMAT=COMPACT COMMENT='课程科目';

# `edu_subject` 表数据

insert into `edu_subject` 
  (`id`, `title`, `parent_id`, `sort`, `gmt_create`, `gmt_modified`) 
values
  ('1292472819468300289','前端开发','0','0','2020-08-09 22:48:28','2020-08-09 22:48:28'),
  ('1292472819644461058','Vue','1292472819468300289','0','2020-08-09 22:48:28','2020-08-09 22:48:28'),
  ('1292472819854176258','JavaScript','1292472819468300289','0','2020-08-09 22:48:28','2020-08-09 22:48:28'),
  ('1292472819963228162','Jquery','1292472819468300289','0','2020-08-09 22:48:28','2020-08-09 22:48:28'),
  ('1292472820059697153','后端开发','0','0','2020-08-09 22:48:28','2020-08-09 22:48:28'),
  ('1292472820164554754','Java','1292472820059697153','0','2020-08-09 22:48:28','2020-08-09 22:48:28'),
  ('1292472820286189569','Python','1292472820059697153','0','2020-08-09 22:48:28','2020-08-09 22:48:28'),
  ('1292472820374269953','C++','1292472820059697153','0','2020-08-09 22:48:28','2020-08-09 22:48:28'),
  ('1292472820479127553','数据库开发','0','0','2020-08-09 22:48:28','2020-08-09 22:48:28'),
  ('1292472820542042114','Mysql','1292472820479127553','0','2020-08-09 22:48:28','2020-08-09 22:48:28'),
  ('1292472820663676930','Oracle','1292472820479127553','0','2020-08-09 22:48:28','2020-08-09 22:48:28'),
  ('1292472820768534529','Sqllite','1292472820479127553','0','2020-08-09 22:48:28','2020-08-09 22:48:28');

# ------------------------------------------------------------------------

# `edu_course` 表结构

CREATE TABLE `edu_course` (
  `id` char(19) NOT NULL COMMENT '课程ID',
  `teacher_id` char(19) NOT NULL COMMENT '课程讲师ID',
  `subject_id` char(19) NOT NULL COMMENT '课程专业ID',
  `subject_parent_id` char(19) NOT NULL COMMENT '课程专业父级ID',
  `title` varchar(50) NOT NULL COMMENT '课程标题',
  `price` decimal(10,2) unsigned NOT NULL DEFAULT '0.00' COMMENT '课程销售价格，设置为0则可免费观看',
  `lesson_num` int(10) unsigned NOT NULL DEFAULT '0' COMMENT '总课时',
  `cover` varchar(255) CHARACTER SET utf8 NOT NULL COMMENT '课程封面图片路径',
  `buy_count` bigint(10) unsigned NOT NULL DEFAULT '0' COMMENT '销售数量',
  `view_count` bigint(10) unsigned NOT NULL DEFAULT '0' COMMENT '浏览数量',
  `version` bigint(20) unsigned NOT NULL DEFAULT '1' COMMENT '乐观锁',
  `status` varchar(10) NOT NULL DEFAULT 'Draft' COMMENT '课程状态 Draft未发布  Normal已发布',
  `is_deleted` tinyint(3) DEFAULT NULL COMMENT '逻辑删除 1（true）已删除， 0（false）未删除',
  `gmt_create` datetime NOT NULL COMMENT '创建时间',
  `gmt_modified` datetime NOT NULL COMMENT '更新时间',
  PRIMARY KEY (`id`),
  KEY `idx_title` (`title`),
  KEY `idx_subject_id` (`subject_id`),
  KEY `idx_teacher_id` (`teacher_id`)
) ENGINE=InnoDB DEFAULT CHARSET=utf8mb4 ROW_FORMAT=COMPACT COMMENT='课程';

# `edu_course` 表数据

insert into `edu_course` 
  (`id`, `teacher_id`, `subject_id`, `subject_parent_id`, `title`, `price`, `lesson_num`, `cover`, `buy_count`, `view_count`, `version`, `status`, `is_deleted`, `gmt_create`, `gmt_modified`) 
values
  ('1297167449745035266','1294904869848674306','1292472820164554754','1292472820059697153','Java精品课程','10.00','20','https://edushop-files.oss-cn-shenzhen.aliyuncs.com/2020/08/22/1e1e54269d5f4ecc91ce9a9ee102a1aajava.jpg','0','0','1','Normal',NULL,'2020-08-22 21:43:15','2020-08-22 21:46:51'),
  ('1297169099612262402','1294903399963226114','1292472820286189569','1292472820059697153','零基础入门Python学习','0.00','10','https://edushop-files.oss-cn-shenzhen.aliyuncs.com/2020/08/22/24d1af8796a044e9bb0fd67066db42ecpython.jpg','0','0','1','Normal',NULL,'2020-08-22 21:49:48','2020-08-22 21:50:37'),
  ('1297433584138723330','1297112152955490305','1292472819854176258','1292472819468300289','HTML5入门课程学习','20.00','20','https://edushop-files.oss-cn-shenzhen.aliyuncs.com/2020/08/23/f8ae1d1971a741ff9badcef59313b9b3html.jpg','0','0','1','Normal',NULL,'2020-08-23 15:20:46','2020-08-23 15:22:12'),
  ('1297434506508115969','1297112152955490305','1292472819854176258','1292472819468300289','网站制作教程','58.00','30','https://edushop-files.oss-cn-shenzhen.aliyuncs.com/2020/08/23/45b42da8325441f797e6baec1b2d6ca5website.jpg','0','0','1','Normal',NULL,'2020-08-23 15:24:26','2020-08-23 15:25:21'),
  ('1297435928125513729','1294905155996676098','1292472820542042114','1292472820479127553','MySQL入门到精通','100.00','20','https://edushop-files.oss-cn-shenzhen.aliyuncs.com/2020/08/23/4e12ebfe513f4cfabc3c7a50052f353amysql.jpg','0','0','1','Normal',NULL,'2020-08-23 15:30:05','2020-08-23 15:30:59'),
  ('1297436786041036802','1297111687329026050','1292472819644461058','1292472819468300289','Vue敏捷开发','99.00','20','https://edushop-files.oss-cn-shenzhen.aliyuncs.com/2020/08/23/c0a5cfcfcf324de49debcdc45397a7bateacher.jpg','0','0','1','Normal',NULL,'2020-08-23 15:33:30','2020-08-23 15:34:09'),
  ('1297437531809259521','1294904683197952002','1292472819963228162','1292472819468300289','JQuery成长之路','66.00','10','https://edushop-files.oss-cn-shenzhen.aliyuncs.com/2020/08/23/fe209eb34dcd42ee8a90dc29b47aaf2cphoto.jpg','0','0','1','Normal',NULL,'2020-08-23 15:36:27','2020-08-23 15:37:19'),
  ('1297438362788962306','1297111687329026050','1292472820374269953','1292472820059697153','SEO搜索引擎技术','0.00','50','https://edushop-files.oss-cn-shenzhen.aliyuncs.com/2020/08/23/1a9e123104fc494fae541ba5002cec0bseo.jpg','0','0','1','Normal',NULL,'2020-08-23 15:39:46','2020-08-23 15:40:13'),
  ('1297439210592018433','1294905155996676098','1292472820768534529','1292472820479127553','Sqlite快速入门','0.00','10','https://edushop-files.oss-cn-shenzhen.aliyuncs.com/2020/08/23/681169290ea74a318e9b7fc8c937efdac4d.jpg','0','0','1','Normal',NULL,'2020-08-23 15:43:08','2020-08-23 15:43:47'),
  ('1297440345058975745','1294904869848674306','1292472820164554754','1292472820059697153','Spring精通之路','10.00','20','https://edushop-files.oss-cn-shenzhen.aliyuncs.com/2020/08/23/15b30e34a5a248309df027c10d31461benglish.jpg','0','0','1','Normal',NULL,'2020-08-23 15:47:38','2020-08-23 15:49:09'),
  ('1297443104231530498','1294903866990587906','1292472820663676930','1292472820479127553','Oracle运维管理','88.00','20','https://edushop-files.oss-cn-shenzhen.aliyuncs.com/2020/08/23/df2e7bd3def343a29fa6bd29c96d16d2music.jpg','0','0','1','Normal',NULL,'2020-08-23 15:58:36','2020-08-23 15:59:27');


# ------------------------------------------------------------------------

# `edu_course_description` 表结构

CREATE TABLE `edu_course_description` (
  `id` char(19) NOT NULL COMMENT '课程ID',
  `description` text COMMENT '课程简介',
  `gmt_create` datetime NOT NULL COMMENT '创建时间',
  `gmt_modified` datetime NOT NULL COMMENT '更新时间',
  PRIMARY KEY (`id`)
) ENGINE=InnoDB DEFAULT CHARSET=utf8mb4 COMMENT='课程简介';

# `edu_course_description` 表数据

insert into `edu_course_description` 
  (`id`, `description`, `gmt_create`, `gmt_modified`) 
values
  ('1297167449745035266','<p>Java是一门面向对象编程语言，不仅吸收了C++语言的各种优点，还摒弃了C++里难以理解的多继承、指针等概念，因此Java语言具有功能强大和简单易用两个特征。Java语言作为静态面向对象编程语言的代表，极好地实现了面向对象理论，允许程序员以优雅的思维方式进行复杂的编程。<br />Java具有简单性、面向对象、分布式、健壮性、安全性、平台独立与可移植性、多线程、动态性等特点。Java可以编写桌面应用程序、Web应用程序、分布式系统和嵌入式系统应用程序等。</p>','2020-08-22 21:43:15','2020-08-22 21:43:15'),
  ('1297169099612262402','<p>Python是一种跨平台的计算机程序设计语言。 是一个高层次的结合了解释性、编译性、互动性和面向对象的脚本语言。最初被设计用于编写自动化脚本(shell)，随着版本的不断更新和语言新功能的添加，越多被用于独立的、大型项目的开发。</p>','2020-08-22 21:49:48','2020-08-22 21:49:48'),
  ('1297433584138723330','<p>HTML5是构建Web内容的一种语言描述方式。HTML5是互联网的下一代标准，是构建以及呈现互联网内容的一种语言方式．被认为是互联网的核心技术之一。HTML产生于1990年，1997年HTML4成为互联网标准，并广泛应用于互联网应用的开发。<br />HTML5是Web中核心语言HTML的规范，用户使用任何手段进行网页浏览时看到的内容原本都是HTML格式的，在浏览器中通过一些技术处理将其转换成为了可识别的信息。HTML5在从前HTML4.01的基础上进行了一定的改进，虽然技术人员在开发过程中可能不会将这些新技术投入应用，但是对于该种技术的新特性，网站开发技术人员是必须要有所了解的。</p>','2020-08-23 15:20:46','2020-08-23 15:20:46'),
  ('1297434506508115969','<p>网站开发是制作一些专业性强的网站，比如说动态网页。ASP、PHP、JSP网页。而且网站开发一般是原创，网站制作可以用别人的模板。网站开发字面意思比制作有更深层次的进步，它不仅仅是网站美工和内容，它可能涉及到域名注册查询、网站的一些功能的开发。对于较大的组织和企业，网站开发团队可以由数以百计的人（web开发者）组成。规模较小的企业可能只需要一个永久的或收缩的网站管理员，或相关的工作职位，如一个平面设计师和/或信息系统技术人员的二次分配。Web开发可能是一个部门，而不是域指定的部门之间的协作努力。</p>','2020-08-23 15:24:26','2020-08-23 15:24:26'),
  ('1297435928125513729','<p>MySQL是一个关系型数据库管理系统，由瑞典MySQL AB 公司开发，属于 Oracle 旗下产品。MySQL 是最流行的关系型数据库管理系统之一，在 WEB 应用方面，MySQL是最好的 RDBMS (Relational Database Management System，关系数据库管理系统) 应用软件之一。<br />MySQL是一种关系型数据库管理系统，关系数据库将数据保存在不同的表中，而不是将所有数据放在一个大仓库内，这样就增加了速度并提高了灵活性。<br />MySQL所使用的 SQL 语言是用于访问数据库的最常用标准化语言。MySQL 软件采用了双授权政策，分为社区版和商业版，由于其体积小、速度快、总体拥有成本低，尤其是开放源码这一特点，一般中小型网站的开发都选择 MySQL 作为网站数据库。</p>','2020-08-23 15:30:05','2020-08-23 15:30:05'),
  ('1297436786041036802','<p>Vue.js是一套构建用户界面的渐进式框架。与其他重量级框架不同的是，Vue 采用自底向上增量开发的设计。Vue 的核心库只关注视图层，并且非常容易学习，非常容易与其它库或已有项目整合。另一方面，Vue 完全有能力驱动采用单文件组件和Vue生态系统支持的库开发的复杂单页应用。<br />Vue.js 的目标是通过尽可能简单的 API 实现响应的数据绑定和组合的视图组件。<br />Vue.js 自身不是一个全能框架&mdash;&mdash;它只聚焦于视图层。因此它非常容易学习，非常容易与其它库或已有项目整合。另一方面，在与相关工具和支持库一起使用时，Vue.js 也能完美地驱动复杂的单页应用。</p>','2020-08-23 15:33:30','2020-08-23 15:33:30'),
  ('1297437531809259521','<p>jQuery是一个快速、简洁的JavaScript框架，是继Prototype之后又一个优秀的JavaScript代码库（或JavaScript框架）。jQuery设计的宗旨是&ldquo;write Less，Do More&rdquo;，即倡导写更少的代码，做更多的事情。它封装JavaScript常用的功能代码，提供一种简便的JavaScript设计模式，优化HTML文档操作、事件处理、动画设计和Ajax交互。<br />jQuery的核心特性可以总结为：具有独特的链式语法和短小清晰的多功能接口；具有高效灵活的css选择器，并且可对CSS选择器进行扩展；拥有便捷的插件扩展机制和丰富的插件。jQuery兼容各种主流浏览器，如IE 6.0+、FF 1.5+、Safari 2.0+、Opera 9.0+等。</p>','2020-08-23 15:36:27','2020-08-23 15:36:27'),
  ('1297438362788962306','<p>搜索引擎优化，又称为SEO，即Search Engine Optimization，它是一种通过分析搜索引擎的排名规律，了解各种搜索引擎怎样进行搜索、怎样抓取互联网页面、怎样确定特定关键词的搜索结果排名的技术。搜索引擎采用易于被搜索引用的手段，对网站进行有针对性的优化，提高网站在搜索引擎中的自然排名，吸引更多的用户访问网站，提高网站的访问量，提高网站的销售能力和宣传能力，从而提升网站的品牌效应。 <br />网站搜索引擎优化任务主要是认识与了解其它搜索引擎怎样紧抓网页、怎样索引、怎样确定搜索关键词等相关技术后，以此优化本网页内容，确保其能够与用户浏览习惯相符合，并且在不影响网民体验前提下使其搜索引擎排名得以提升，进而使该网站访问量得以提升，最终提高本网站宣传能力或者销售能力的一种现代技术。基于搜索引擎优化处理，其实就是为让搜索引擎更易接受本网站，搜索引擎往往会比对不同网站的内容，再通过浏览器把内容以最完整、直接及最快的速度提供给网络用户。</p>','2020-08-23 15:39:46','2020-08-23 15:39:46'),
  ('1297439210592018433','<p>SQLite，是一款轻型的数据库，是遵守ACID的关系型数据库管理系统，它包含在一个相对小的C库中。它是D.RichardHipp建立的公有领域项目。它的设计目标是嵌入式的，而且已经在很多嵌入式产品中使用了它，它占用资源非常的低，在嵌入式设备中，可能只需要几百K的内存就够了。它能够支持Windows/Linux/Unix等等主流的操作系统，同时能够跟很多程序语言相结合，比如 Tcl、C#、PHP、Java等，还有ODBC接口，同样比起Mysql、PostgreSQL这两款开源的世界著名数据库管理系统来讲，它的处理速度比他们都快。SQLite第一个Alpha版本诞生于2000年5月。 至2019年已经有19个年头，SQLite也迎来了一个版本 SQLite 3已经发布。</p>','2020-08-23 15:43:08','2020-08-23 15:43:08'),
  ('1297440345058975745','<p>Spring框架是一个开放源代码的J2EE应用程序框架，由Rod Johnson发起，是针对bean的生命周期进行管理的轻量级容器（lightweight container）。 Spring解决了开发者在J2EE开发中遇到的许多常见的问题，提供了功能强大IOC、AOP及Web MVC等功能。Spring可以单独应用于构筑应用程序，也可以和Struts、Webwork、Tapestry等众多Web框架组合使用，并且可以与 Swing等桌面应用程序AP组合。因此， Spring不仅仅能应用于JEE应用程序之中，也可以应用于桌面应用程序以及小应用程序之中。Spring框架主要由七部分组成，分别是 Spring Core、 Spring AOP、 Spring ORM、 Spring DAO、Spring Context、 Spring Web和 Spring Web MVC。</p>','2020-08-23 15:47:38','2020-08-23 15:47:38'),
  ('1297443104231530498','<p>ORACLE数据库系统是美国ORACLE公司（甲骨文）提供的以分布式数据库为核心的一组软件产品，是目前最流行的客户/服务器(CLIENT/SERVER)或B/S体系结构的数据库之一。比如SilverStream就是基于数据库的一种中间件。ORACLE数据库是目前世界上使用最为广泛的数据库管理系统，作为一个通用的数据库系统，它具有完整的数据管理功能；作为一个关系数据库，它是一个完备关系的产品；作为分布式数据库它实现了分布式处理功能。但它的所有知识，只要在一种机型上学习了ORACLE知识，便能在各种类型的机器上使用它。<br />Oracle数据库最新版本为Oracle Database 19c。Oracle数据库12c 引入了一个新的多承租方架构，使用该架构可轻松部署和管理数据库云。此外，一些创新特性可最大限度地提高资源使用率和灵活性，如Oracle Multitenant可快速整合多个数据库，而Automatic Data Optimization和Heat Map能以更高的密度压缩数据和对数据分层。这些独一无二的技术进步再加上在可用性、安全性和大数据支持方面的主要增强，使得Oracle数据库12c 成为私有云和公有云部署的理想平台。</p>','2020-08-23 15:58:36','2020-08-23 15:58:36');

# ------------------------------------------------------------------------

# `edu_chapter` 表结构

CREATE TABLE `edu_chapter` (
  `id` char(19) NOT NULL COMMENT '章节ID',
  `course_id` char(19) NOT NULL COMMENT '课程ID',
  `title` varchar(50) NOT NULL COMMENT '章节名称',
  `sort` int(10) unsigned NOT NULL DEFAULT '0' COMMENT '显示排序',
  `gmt_create` datetime NOT NULL COMMENT '创建时间',
  `gmt_modified` datetime NOT NULL COMMENT '更新时间',
  PRIMARY KEY (`id`),
  KEY `idx_course_id` (`course_id`)
) ENGINE=InnoDB DEFAULT CHARSET=utf8mb4 ROW_FORMAT=COMPACT COMMENT='课程';

# `edu_chapter` 表数据

insert into `edu_chapter` 
  (`id`, `course_id`, `title`, `sort`, `gmt_create`, `gmt_modified`) 
values
  ('1297167485484699649','1297167449745035266','第一章：Java入门','1','2020-08-22 21:43:23','2020-08-22 21:43:23'),
  ('1297168258549452801','1297167449745035266','第二章：Java进阶','2','2020-08-22 21:46:28','2020-08-22 21:46:28'),
  ('1297169152003313665','1297169099612262402','第一章：Python入门','1','2020-08-22 21:50:01','2020-08-22 21:50:01'),
  ('1297169258169536514','1297169099612262402','第二章：Python进阶','2','2020-08-22 21:50:26','2020-08-22 21:50:26'),
  ('1297433649427259394','1297433584138723330','第一章：HTML5入门','1','2020-08-23 15:21:02','2020-08-23 15:21:37'),
  ('1297434581091229698','1297434506508115969','第一章：网站介绍','1','2020-08-23 15:24:44','2020-08-23 15:24:44'),
  ('1297436019120939009','1297435928125513729','第一章：MySQL入门','1','2020-08-23 15:30:27','2020-08-23 15:30:27'),
  ('1297436843444281345','1297436786041036802','第一章：Vue入门','1','2020-08-23 15:33:43','2020-08-23 15:33:43'),
  ('1297437617905737730','1297437531809259521','第一章：jQuery入门','1','2020-08-23 15:36:48','2020-08-23 15:36:48'),
  ('1297438426416553985','1297438362788962306','第一章：SEO入门','1','2020-08-23 15:40:01','2020-08-23 15:40:01'),
  ('1297439271375872001','1297439210592018433','第一章：sqlite入门','1','2020-08-23 15:43:22','2020-08-23 15:43:22'),
  ('1297440430203346946','1297440345058975745','第一章：Spring入门','1','2020-08-23 15:47:58','2020-08-23 15:47:58'),
  ('1297443164432375810','1297443104231530498','第一章：Oracle入门','1','2020-08-23 15:58:50','2020-08-23 15:58:50');

# ------------------------------------------------------------------------

# `edu_comment` 表结构

CREATE TABLE `edu_comment` (
  `id` char(19) NOT NULL COMMENT '讲师ID',
  `course_id` varchar(19) NOT NULL DEFAULT '' COMMENT '课程id',
  `teacher_id` char(19) NOT NULL DEFAULT '' COMMENT '讲师id',
  `member_id` varchar(19) NOT NULL DEFAULT '' COMMENT '会员id',
  `nickname` varchar(50) DEFAULT NULL COMMENT '会员昵称',
  `avatar` varchar(255) DEFAULT NULL COMMENT '会员头像',
  `content` varchar(500) DEFAULT NULL COMMENT '评论内容',
  `is_deleted` tinyint(1) unsigned NOT NULL DEFAULT '0' COMMENT '逻辑删除 1（true）已删除， 0（false）未删除',
  `gmt_create` datetime NOT NULL COMMENT '创建时间',
  `gmt_modified` datetime NOT NULL COMMENT '更新时间',
  PRIMARY KEY (`id`),
  KEY `idx_course_id` (`course_id`),
  KEY `idx_teacher_id` (`teacher_id`),
  KEY `idx_member_id` (`member_id`)
) ENGINE=InnoDB DEFAULT CHARSET=utf8mb4 COMMENT='评论';

# `edu_comment` 表数据

# ------------------------------------------------------------------------

# `edu_course_collect` 表结构

CREATE TABLE `edu_course_collect` (
  `id` char(19) NOT NULL COMMENT '收藏ID',
  `course_id` char(19) NOT NULL COMMENT '课程讲师ID',
  `member_id` char(19) NOT NULL DEFAULT '' COMMENT '课程专业ID',
  `is_deleted` tinyint(3) NOT NULL DEFAULT '0' COMMENT '逻辑删除 1（true）已删除， 0（false）未删除',
  `gmt_create` datetime NOT NULL COMMENT '创建时间',
  `gmt_modified` datetime NOT NULL COMMENT '更新时间',
  PRIMARY KEY (`id`)
) ENGINE=InnoDB DEFAULT CHARSET=utf8mb4 ROW_FORMAT=COMPACT COMMENT='课程收藏';

# `edu_course_collect` 表数据

INSERT INTO `edu_course_collect`
VALUES ('1196269345666019330','1192252213659774977','1',1,'2019-11-18 11:30:12','2019-11-18 11:30:12');

# ------------------------------------------------------------------------

# `edu_video` 表结构

CREATE TABLE `edu_video` (
  `id` char(19) NOT NULL COMMENT '视频ID',
  `course_id` char(19) NOT NULL COMMENT '课程ID',
  `chapter_id` char(19) NOT NULL COMMENT '章节ID',
  `title` varchar(50) NOT NULL COMMENT '节点名称',
  `video_source_id` varchar(100) DEFAULT NULL COMMENT '云端视频资源',
  `video_original_name` varchar(100) DEFAULT NULL COMMENT '原始文件名称',
  `sort` int(10) unsigned NOT NULL DEFAULT '0' COMMENT '排序字段',
  `play_count` bigint(20) unsigned NOT NULL DEFAULT '0' COMMENT '播放次数',
  `is_free` tinyint(1) unsigned NOT NULL DEFAULT '0' COMMENT '是否可以试听：0收费 1免费',
  `duration` float NOT NULL DEFAULT '0' COMMENT '视频时长（秒）',
  `status` varchar(20) NOT NULL DEFAULT 'Empty' COMMENT 'Empty未上传 Transcoding转码中  Normal正常',
  `size` bigint(20) unsigned NOT NULL DEFAULT '0' COMMENT '视频源文件大小（字节）',
  `version` bigint(20) unsigned NOT NULL DEFAULT '1' COMMENT '乐观锁',
  `gmt_create` datetime NOT NULL COMMENT '创建时间',
  `gmt_modified` datetime NOT NULL COMMENT '更新时间',
  PRIMARY KEY (`id`),
  KEY `idx_course_id` (`course_id`),
  KEY `idx_chapter_id` (`chapter_id`)
) ENGINE=InnoDB DEFAULT CHARSET=utf8mb4 ROW_FORMAT=COMPACT COMMENT='课程视频';

# `edu_video` 表数据

insert into `edu_video` 
  (`id`, `course_id`, `chapter_id`, `title`, `video_source_id`, `video_original_name`, `sort`, `play_count`, `is_free`, `duration`, `status`, `size`, `version`, `gmt_create`, `gmt_modified`) 
values
  ('1297168105549631490','1297167449745035266','1297167485484699649','第一节：Java简介','a1a08f1b7ed2419aa636517eee738901','TestVideo.mp4','1','0','1','0','Empty','0','1','2020-08-22 21:45:51','2020-08-22 21:45:51'),
  ('1297168205541838850','1297167449745035266','1297167485484699649','第二节：Java语法','a1a08f1b7ed2419aa636517eee738901','TestVideo.mp4','2','0','1','0','Empty','0','1','2020-08-22 21:46:15','2020-08-22 21:46:15'),
  ('1297168295467716610','1297167449745035266','1297168258549452801','第一节：Java多线程','a1a08f1b7ed2419aa636517eee738901','TestVideo.mp4','1','0','1','0','Empty','0','1','2020-08-22 21:46:37','2020-08-22 21:46:37'),
  ('1297169194952986626','1297169099612262402','1297169152003313665','第一节：Python简介','a1a08f1b7ed2419aa636517eee738901','TestVideo.mp4','1','0','1','0','Empty','0','1','2020-08-22 21:50:11','2020-08-22 21:50:11'),
  ('1297169227093938178','1297169099612262402','1297169152003313665','第二节：Python语法','a1a08f1b7ed2419aa636517eee738901','TestVideo.mp4','2','0','1','0','Empty','0','1','2020-08-22 21:50:19','2020-08-22 21:50:19'),
  ('1297169288708263938','1297169099612262402','1297169258169536514','第一节：Python网络','a1a08f1b7ed2419aa636517eee738901','TestVideo.mp4','1','0','1','0','Empty','0','1','2020-08-22 21:50:33','2020-08-22 21:50:33'),
  ('1297433734349332482','1297433584138723330','1297433649427259394','第一节：HTML5简介','a1a08f1b7ed2419aa636517eee738901','TestVideo.mp4','1','0','1','0','Empty','0','1','2020-08-23 15:21:22','2020-08-23 15:21:22'),
  ('1297433869485613057','1297433584138723330','1297433649427259394','第二节：HTML5标签','a1a08f1b7ed2419aa636517eee738901','TestVideo.mp4','2','0','1','0','Empty','0','1','2020-08-23 15:21:54','2020-08-23 15:21:54'),
  ('1297434660652982273','1297434506508115969','1297434581091229698','第一节：网页布局','a1a08f1b7ed2419aa636517eee738901','TestVideo.mp4','1','0','1','0','Empty','0','1','2020-08-23 15:25:03','2020-08-23 15:25:03'),
  ('1297434709441126401','1297434506508115969','1297434581091229698','第二节：网页渲染','a1a08f1b7ed2419aa636517eee738901','TestVideo.mp4','2','0','1','0','Empty','0','1','2020-08-23 15:25:15','2020-08-23 15:25:15'),
  ('1297436070597632001','1297435928125513729','1297436019120939009','第一节：MySQL简介','a1a08f1b7ed2419aa636517eee738901','TestVideo.mp4','1','0','1','0','Empty','0','1','2020-08-23 15:30:39','2020-08-23 15:30:39'),
  ('1297436135730978817','1297435928125513729','1297436019120939009','第二节：MySQL语法','a1a08f1b7ed2419aa636517eee738901','TestVideo.mp4','2','0','1','0','Empty','0','1','2020-08-23 15:30:55','2020-08-23 15:30:55'),
  ('1297436896095379457','1297436786041036802','1297436843444281345','第一节：Vue简介','a1a08f1b7ed2419aa636517eee738901','TestVideo.mp4','1','0','1','0','Empty','0','1','2020-08-23 15:33:56','2020-08-23 15:33:56'),
  ('1297436937371525121','1297436786041036802','1297436843444281345','第二节：Vue语法','a1a08f1b7ed2419aa636517eee738901','TestVideo.mp4','2','0','1','0','Empty','0','1','2020-08-23 15:34:06','2020-08-23 15:34:06'),
  ('1297437679545229313','1297437531809259521','1297437617905737730','第一节：jQuery简介','a1a08f1b7ed2419aa636517eee738901','TestVideo.mp4','1','0','1','0','Empty','0','1','2020-08-23 15:37:03','2020-08-23 15:37:03'),
  ('1297437736415797250','1297437531809259521','1297437617905737730','第二节：jQuery语法','a1a08f1b7ed2419aa636517eee738901','TestVideo.mp4','2','0','1','0','Empty','0','1','2020-08-23 15:37:16','2020-08-23 15:37:16'),
  ('1297438463804579841','1297438362788962306','1297438426416553985','第一节：SEO简介','a1a08f1b7ed2419aa636517eee738901','TestVideo.mp4','1','0','1','0','Empty','0','1','2020-08-23 15:40:10','2020-08-23 15:40:10'),
  ('1297439320839299073','1297439210592018433','1297439271375872001','第一节：sqlite简介','a1a08f1b7ed2419aa636517eee738901','TestVideo.mp4','1','0','1','0','Empty','0','1','2020-08-23 15:43:34','2020-08-23 15:43:34'),
  ('1297439364283899906','1297439210592018433','1297439271375872001','第二节：sqlite语法','a1a08f1b7ed2419aa636517eee738901','TestVideo.mp4','2','0','1','0','Empty','0','1','2020-08-23 15:43:44','2020-08-23 15:43:44'),
  ('1297440496179748866','1297440345058975745','1297440430203346946','第一节：Spring简介','a1a08f1b7ed2419aa636517eee738901','TestVideo.mp4','1','0','1','0','Empty','0','1','2020-08-23 15:48:14','2020-08-23 15:48:14'),
  ('1297440672302768130','1297440345058975745','1297440430203346946','第二节：Spring开发','a1a08f1b7ed2419aa636517eee738901','TestVideo.mp4','2','0','1','0','Empty','0','1','2020-08-23 15:48:56','2020-08-23 15:49:06'),
  ('1297443211144339457','1297443104231530498','1297443164432375810','第一节：Oracle简介','a1a08f1b7ed2419aa636517eee738901','TestVideo.mp4','1','0','1','0','Empty','0','1','2020-08-23 15:59:02','2020-08-23 15:59:02'),
  ('1297443262675558401','1297443104231530498','1297443164432375810','第二节：Oracle语法','a1a08f1b7ed2419aa636517eee738901','TestVideo.mp4','2','0','0','0','Empty','0','1','2020-08-23 15:59:14','2020-08-23 15:59:23');
